Strategy,Split,Score,Trades,WinRate,NetPnL,MaxDrawdown,ReturnToDrawdown
TradingBrain.EMA,IS,72.78062623,138,39.13043478,1786.69,338.75,5.27436162
TradingBrain.EMA,OOS,25.11271513,114,38.59649123,885.32,474,1.86776371
TradingBrain.EMA,IS,70.11221013,137,43.06569343,1880.56,442.25,4.25225551
TradingBrain.EMA,OOS,25.14282502,119,41.17647059,956.72,613.75,1.55881059
TradingBrain.EMA,IS,69.16817094,133,43.60902256,1808.54,411.5,4.39499392
TradingBrain.EMA,OOS,45.77056049,107,42.99065421,1276.91,427,2.99042155
